timestamp,city,temperature,description
2025-06-24 17:57,London,67.44,few clouds
2025-06-24 18:33,London,66.92,clear sky
2025-06-24 18:33,London,66.92,clear sky
2025-06-24 18:33,New York,99.27,clear sky
2025-06-24 19:37,London,65.37,clear sky
2025-06-24 19:47,Toronto,92.43,clear sky
2025-06-24 19:48,London,65.34,clear sky
2025-06-24 19:49,London,65.32,clear sky
2025-06-24 19:50,Toronto,92.43,clear sky
2025-06-24 20:01,London,65.17,clear sky
2025-06-24 20:48,London,64.76,clear sky
2025-06-24 20:49,London,64.76,clear sky
2025-06-24 20:51,Cadiz,60.82,clear sky
2025-06-24 20:56,California,87.03,clear sky
2025-06-24 20:57,London,64.45,clear sky
2025-06-25 13:56,London,80.35,few clouds
2025-06-25 16:08,New York,97.79,few clouds
2025-06-25 16:09,New York,97.79,few clouds
2025-06-25 16:09,New York,97.79,few clouds
2025-06-25 16:09,London,76.96,scattered clouds
2025-06-25 16:09,Toronto,82.06,scattered clouds
2025-06-25 16:12,New York,98.17,scattered clouds
2025-06-25 16:18,New York,98.17,scattered clouds
2025-06-25 16:19,London,76.33,scattered clouds
2025-06-25 16:22,New York,98.17,scattered clouds
2025-06-25 16:22,London,76.33,scattered clouds
2025-06-25 16:31,New York,98.1,scattered clouds
2025-06-25 16:31,London,75.92,scattered clouds
2025-06-25 16:32,New York,98.51,scattered clouds
2025-06-25 16:50,New York,97.84,scattered clouds
2025-06-25 16:53,New York,97.93,scattered clouds
2025-06-25 16:53,London,75.6,scattered clouds
2025-06-25 16:56,New York,97.93,scattered clouds
2025-06-25 16:57,London,75.6,scattered clouds
2025-06-25 17:31,New York,96.98,few clouds
2025-06-25 17:31,New York,96.98,few clouds
2025-06-25 17:31,New York,96.98,few clouds
2025-06-25 17:42,New York,95.86,few clouds
2025-06-25 17:42,New York,95.86,few clouds
2025-06-25 17:42,London,72.88,scattered clouds
2025-06-25 17:42,London,72.88,scattered clouds
2025-06-25 17:42,London,72.88,scattered clouds
2025-06-25 17:42,London,72.88,scattered clouds
2025-06-25 17:42,London,72.88,scattered clouds
2025-06-25 17:42,London,72.88,scattered clouds
2025-06-25 17:50,New York,95.74,few clouds
2025-06-25 17:51,London,71.73,scattered clouds
2025-06-25 17:51,London,71.73,scattered clouds
2025-06-25 17:51,London,71.73,scattered clouds
2025-06-25 17:51,New York,95.74,few clouds
2025-06-25 17:54,New York,95.74,few clouds
2025-06-25 17:55,New York,95.74,few clouds
2025-06-25 17:55,New York,95.72,few clouds
2025-06-25 18:42,New York,95.49,few clouds
2025-06-25 19:06,New York,93.58,few clouds
2025-06-25 19:06,London,70.16,scattered clouds
2025-06-25 19:15,New York,91.8,clear sky
2025-06-25 19:15,New York,91.8,clear sky
2025-06-25 19:15,New York,91.8,clear sky
2025-06-25 19:16,Delhi,86.09,mist
2025-06-25 19:16,Delhi,86.09,mist
2025-06-25 19:25,New York,91.58,clear sky
2025-06-25 19:25,London,69.44,scattered clouds
2025-06-25 19:25,London,69.44,scattered clouds
2025-06-25 19:25,London,69.44,scattered clouds
2025-06-25 19:25,London,69.44,scattered clouds
2025-06-25 19:26,London,69.44,scattered clouds
2025-06-25 19:26,London,69.44,scattered clouds
2025-06-25 19:28,New York,91.56,clear sky
2025-06-25 19:28,London,69.75,scattered clouds
2025-06-25 19:30,New York,91.56,clear sky
2025-06-25 19:31,New York,91.58,clear sky
2025-06-25 19:36,New York,91.56,clear sky
2025-06-25 19:36,London,69.75,scattered clouds
2025-06-25 19:36,London,69.75,scattered clouds
2025-06-25 19:37,Delhi,86.09,mist
2025-06-25 19:45,New York,90.32,clear sky
2025-06-25 19:46,New York,90.32,clear sky
2025-06-25 19:46,New York,90.32,clear sky
2025-06-25 19:46,New York,90.32,clear sky
2025-06-25 19:46,New York,90.32,clear sky
2025-06-25 19:46,New York,90.32,clear sky
2025-06-25 19:46,London,69.26,broken clouds
2025-06-25 19:46,London,69.26,broken clouds
2025-06-25 19:46,London,69.26,broken clouds
2025-06-25 19:46,London,69.26,broken clouds
2025-06-25 19:46,London,69.26,broken clouds
2025-06-25 19:46,London,69.26,broken clouds
2025-06-25 19:46,London,69.26,broken clouds
2025-06-25 19:51,New York,91.45,clear sky
2025-06-25 19:52,New York,91.45,clear sky
2025-06-25 19:52,New York,91.45,clear sky
2025-06-25 19:52,New York,91.45,clear sky
2025-06-25 19:52,New York,91.45,clear sky
2025-06-25 19:52,New York,91.45,clear sky
2025-06-25 19:52,New York,91.45,clear sky
2025-06-25 19:52,New York,91.45,clear sky
2025-06-25 19:52,New York,91.45,clear sky
2025-06-25 19:55,New York,91.45,clear sky
2025-06-25 19:55,New York,91.45,clear sky
2025-06-25 19:55,New York,91.45,clear sky
2025-06-25 20:01,New York,91.45,clear sky
2025-06-25 20:01,New York,91.45,clear sky
2025-06-25 20:01,London,69.01,broken clouds
2025-06-25 20:07,New York,90.54,clear sky
2025-06-25 20:08,London,68.68,broken clouds
2025-06-25 20:08,London,68.68,broken clouds
2025-06-25 20:08,London,68.68,broken clouds
2025-06-25 20:08,London,68.68,broken clouds
2025-06-25 20:08,Toronto,80.15,clear sky
2025-06-25 20:08,Toronto,80.15,clear sky
2025-06-25 20:08,Toronto,80.15,clear sky
2025-06-25 20:09,Toronto,80.15,clear sky
2025-06-25 20:09,Toronto,80.15,clear sky
2025-06-25 20:09,Toronto,80.15,clear sky
2025-06-25 20:09,Toronto,80.15,clear sky
2025-06-25 20:09,Toronto,80.15,clear sky
2025-06-25 20:09,Toronto,80.15,clear sky
2025-06-25 20:09,Toronto,80.15,clear sky
2025-06-25 20:14,New York,90.14,clear sky
2025-06-25 20:14,New York,90.14,clear sky
2025-06-25 20:14,New York,90.14,clear sky
2025-06-25 20:14,New York,90.14,clear sky
2025-06-25 20:26,New York,32.3,clear sky
2025-06-25 20:26,London,20.36,broken clouds
2025-06-25 20:28,New York,32.65,clear sky
2025-06-25 20:28,New York,32.65,clear sky
2025-06-25 20:28,London,20.36,broken clouds
2025-07-17 23:15:08,Unknown,30.02,Clear sky,55,8.49,1010,40800.0,7.75,0.1
2025-07-17 23:15:11,Unknown,30.02,Clear sky,55,8.49,1010,40800.0,7.75,0.1
2025-07-17 23:15:12,Unknown,30.02,Clear sky,55,8.49,1010,40800.0,7.75,0.1
2025-07-17 23:16:09,Unknown,30.02,Clear sky,55,8.49,1010,40800.0,7.75,0.1
2025-07-17 23:17:17,Unknown,30.02,Clear sky,55,8.49,1010,40800.0,7.75,0.1
2025-07-17 23:17:17,Unknown,30.02,Clear sky,55,8.49,1010,40800.0,7.75,0.1
2025-07-17 23:17:19,Unknown,30.02,Clear sky,55,8.49,1010,40800.0,7.75,0.1
2025-07-17 23:24:07,Unknown,30.02,Clear sky,55,8.49,1010,40800.0,7.75,0.1
2025-07-17 23:26:38,Unknown,31.17,Broken clouds,61,8.23,1016,24140.0,7.6,0.0
2025-07-17 23:27:56,Unknown,15.1,Light rain,73,3.87,1013,7980.0,6.0,11.8
2025-07-17 23:28:57,Unknown,29.81,Clear sky,55,9.39,1011,40800.0,7.75,0.1
2025-07-17 23:35:07,Unknown,31.31,Broken clouds,60,8.23,1016,24140.0,7.6,0.0
2025-07-19 11:58:08,Unknown,27.26,Few clouds,59,4.12,1018,33200.0,4.8,0.0
2025-07-19 12:13:44,Unknown,27.59,Scattered clouds,57,6.17,1018,30300.0,4.8,0.0
2025-07-19 12:13:53,Unknown,37.96,Broken clouds,44,2.06,994,24140.0,8.95,0.0
2025-07-19 12:14:08,Unknown,27.24,Broken clouds,78,6.69,1016,24140.0,8.0,0.0
2025-07-19 12:14:12,Unknown,27.24,Broken clouds,78,6.69,1016,24140.0,8.0,0.0
2025-07-19 12:27:41,Unknown,27.46,Scattered clouds,58,6.17,1018,26500.0,4.8,0.0
2025-07-19 12:31:12,Unknown,27.41,Scattered clouds,58,6.17,1018,29500.0,4.8,0.0
2025-07-19 12:42:04,Unknown,27.49,Scattered clouds,58,6.17,1018,29500.0,4.8,0.0
2025-07-19 15:33:51,Unknown,26.72,Broken clouds,66,6.17,1017,27600.0,4.65,0.0
2025-07-19 15:38:46,Unknown,26.72,Broken clouds,66,6.17,1017,27600.0,4.65,0.0
2025-07-19 15:41:33,Unknown,26.72,Broken clouds,66,6.17,1017,27600.0,4.65,0.0
2025-07-19 15:51:36,Unknown,26.72,Broken clouds,67,6.17,1017,27000.0,4.65,0.0
2025-07-19 15:53:55,Unknown,29.05,Mist,84,1.54,998,24140.0,7.05,0.0
2025-07-19 15:56:01,Unknown,26.72,Broken clouds,67,6.17,1017,27000.0,4.65,0.0
2025-07-19 16:07:46,Unknown,26.8,Overcast clouds,67,5.66,1016,27100.0,4.65,0.0
2025-07-19 16:19:14,Unknown,26.82,Overcast clouds,68,5.66,1016,27500.0,4.65,0.9
2025-07-19 16:23:18,Unknown,26.82,Overcast clouds,68,5.66,1016,26000.0,4.65,0.9
2025-07-19 16:33:52,Unknown,26.76,Overcast clouds,68,5.66,1016,25000.0,4.65,0.9
2025-07-19 16:33:53,Unknown,26.76,Overcast clouds,68,5.66,1016,25000.0,4.65,0.9
2025-07-19 18:24:23,Unknown,26.05,Overcast clouds,70,4.02,1015,17100.0,4.65,0.9
2025-07-21 15:52:30,Unknown,30.29,Scattered clouds,40,5.14,1011,61000.0,7.8,0.0
2025-07-21 16:16:21,Unknown,30.74,Clear sky,38,5.36,1011,55100.0,7.8,0.0
2025-07-21 16:20:33,Unknown,30.74,Clear sky,38,5.36,1011,55100.0,7.8,0.0
2025-07-21 16:21:09,Unknown,19.18,Broken clouds,72,1.34,1003,56880.0,6.2,13.4
2025-07-21 16:21:23,Unknown,19.18,Broken clouds,72,1.34,1003,56880.0,6.2,13.4
2025-07-21 16:30:07,Unknown,30.48,Clear sky,39,4.02,1011,55200.0,7.8,0.0
2025-07-21 16:33:45,Unknown,30.59,Clear sky,38,3.58,1011,55200.0,7.8,0.0
2025-07-21 16:34:40,Unknown,18.59,Light rain,75,1.79,1004,56880.0,6.2,13.4
2025-07-21 16:36:19,Unknown,19.2,Overcast clouds,75,0.89,1009,58020.0,6.7,12.2
2025-07-21 16:36:34,Unknown,19.2,Overcast clouds,75,0.89,1009,58020.0,6.7,12.2
2025-07-21 16:45:40,Unknown,30.54,Few clouds,38,4.02,1011,55400.0,7.8,0.0
2025-07-21 16:46:00,Unknown,19.42,Overcast clouds,72,0.45,1009,58020.0,6.7,12.2
2025-07-21 17:04:22,Unknown,30.26,Clear sky,40,3.13,1011,60600.0,7.8,0.0
2025-07-21 17:14:40,Unknown,29.96,Few clouds,41,4.47,1011,60600.0,7.8,0.0
2025-07-21 17:20:38,Unknown,29.96,Few clouds,41,4.47,1011,59100.0,7.8,0.0
2025-07-21 17:25:46,Unknown,29.64,Few clouds,42,6.26,1011,59100.0,7.8,0.0
2025-07-21 17:25:47,Unknown,29.64,Few clouds,42,6.26,1011,59100.0,7.8,0.0
2025-07-21 17:26:09,Unknown,29.5,Few clouds,42,6.26,1011,59100.0,7.8,0.0
2025-07-21 17:31:50,Unknown,29.33,Few clouds,42,6.26,1012,61200.0,7.8,0.0
2025-07-21 17:31:51,Unknown,29.33,Few clouds,42,6.26,1012,61200.0,7.8,0.0
2025-07-21 17:35:03,Unknown,29.33,Few clouds,42,6.26,1012,61200.0,7.8,0.0
2025-07-21 17:40:31,Unknown,29.34,Few clouds,42,5.81,1012,61200.0,7.8,0.0
2025-07-21 18:36:38,Unknown,28.85,Scattered clouds,44,6.17,1012,46700.0,7.8,0.0
2025-07-21 18:40:40,Unknown,28.85,Scattered clouds,44,6.17,1012,46700.0,7.8,0.0
2025-07-21 18:44:45,Unknown,28.67,Scattered clouds,44,6.17,1013,46700.0,7.8,0.0
2025-07-21 18:46:33,Unknown,28.67,Scattered clouds,44,6.17,1013,54100.0,7.8,0.0
2025-07-21 18:48:06,Unknown,28.62,Scattered clouds,45,6.17,1013,54100.0,7.8,0.0
2025-07-21 18:48:06,Unknown,28.62,Scattered clouds,45,6.17,1013,54100.0,7.8,0.0
2025-07-21 19:00:30,Unknown,28.7,Few clouds,45,6.26,1013,57100.0,7.8,0.0
2025-07-21 19:05:31,Unknown,28.58,Overcast clouds,43,6.69,1012,57100.0,7.8,0.0
2025-07-21 19:14:02,Unknown,28.42,Overcast clouds,44,6.69,1012,51800.0,7.8,0.0
2025-07-21 19:17:19,Unknown,28.42,Overcast clouds,44,6.69,1012,52100.0,7.8,0.0
2025-07-21 19:19:39,Unknown,28.42,Overcast clouds,44,6.69,1012,52100.0,7.8,0.0
2025-07-21 19:35:39,Unknown,28.17,Overcast clouds,45,6.69,1012,56500.0,7.8,0.0
2025-07-21 19:44:20,Unknown,28.1,Overcast clouds,44,6.71,1014,56500.0,7.8,0.0
2025-07-21 19:46:08,Unknown,16.08,Light rain,93,3.6,1003,8260.0,4.9,4.1
2025-07-21 20:08:44,New York,27.54,Overcast clouds,45,7.6,1013,48600.0,7.8,0.0
2025-07-21 20:11:48,New York,27.54,Overcast clouds,45,7.6,1013,48600.0,7.8,0.0
2025-07-21 20:16:35,New York,27.54,Overcast clouds,45,7.6,1013,47800.0,7.8,0.0
2025-07-21 20:19:24,New York,27.51,Overcast clouds,45,7.6,1013,47800.0,7.8,0.0
2025-07-21 20:21:26,New York,27.51,Overcast clouds,45,7.6,1013,47800.0,7.8,0.0
2025-07-21 20:25:44,New York,27.17,Overcast clouds,46,5.81,1013,47800.0,7.8,0.0
2025-07-21 20:27:25,New York,27.24,Overcast clouds,46,5.81,1013,47800.0,7.8,0.0
2025-07-21 20:28:40,New York,27.24,Overcast clouds,46,5.81,1013,47800.0,7.8,0.0
2025-07-21 20:30:27,New York,27.24,Overcast clouds,46,5.81,1013,46600.0,7.8,0.0
2025-07-21 20:31:30,New York,27.24,Overcast clouds,46,5.81,1013,46600.0,7.8,0.0
2025-07-21 20:32:57,New York,27.17,Overcast clouds,46,5.81,1013,46600.0,7.8,0.0
2025-07-21 20:33:54,New York,27.17,Overcast clouds,46,5.81,1013,46600.0,7.8,0.0
2025-07-21 20:35:35,New York,27.17,Overcast clouds,46,5.81,1013,46600.0,7.8,0.0
2025-07-21 20:38:07,New York,26.9,Broken clouds,47,5.81,1014,46600.0,7.8,0.0
2025-07-21 20:40:04,New York,26.9,Broken clouds,47,5.81,1014,46600.0,7.8,0.0
2025-07-21 21:07:14,New York,26.38,Overcast clouds,49,6.71,1014,43500.0,7.8,0.0
2025-07-21 21:11:12,New York,26.38,Overcast clouds,49,6.71,1014,43500.0,7.8,0.0
2025-07-21 21:15:36,New York,26.22,Overcast clouds,49,7.6,1014,42600.0,7.8,0.0
2025-07-21 21:17:49,New York,26.22,Overcast clouds,49,7.6,1014,42600.0,7.8,0.0
2025-07-21 21:20:40,New York,26.22,Overcast clouds,49,7.6,1014,42600.0,7.8,0.0
2025-07-21 21:21:44,New York,26.22,Overcast clouds,49,7.6,1014,42600.0,7.8,0.0
2025-07-21 21:26:13,New York,26.19,Overcast clouds,48,7.6,1014,42600.0,7.8,0.0
2025-07-21 21:31:51,New York,26.06,Overcast clouds,47,7.15,1014,42900.0,7.8,0.0
2025-07-21 21:39:25,New York,25.78,Overcast clouds,48,6.71,1015,47900.0,7.8,0.0
2025-07-21 21:39:45,New York,25.78,Overcast clouds,48,6.71,1015,47900.0,7.8,0.0
2025-07-21 21:42:05,New York,25.78,Overcast clouds,48,6.71,1015,47900.0,7.8,0.0
2025-07-21 21:49:29,New York,25.76,Overcast clouds,48,6.71,1015,44700.0,7.8,0.0
2025-07-21 21:52:45,New York,25.75,Overcast clouds,48,6.71,1015,44700.0,7.8,0.0
2025-07-21 21:55:07,New York,25.75,Overcast clouds,48,6.71,1015,44700.0,7.8,0.0
2025-07-21 21:55:21,New York,25.75,Overcast clouds,48,6.71,1015,44700.0,7.8,0.0
2025-07-21 21:55:28,New York,25.75,Overcast clouds,48,6.71,1015,44700.0,7.8,0.0
2025-07-21 21:55:39,ahmedabad,26.02,Mist,89,1.54,1003,23160.0,7.0,22.2
2025-07-21 22:18:51,tokyo,33.36,Scattered clouds,64,8.23,1015,24140.0,8.25,0.0
2025-07-21 22:19:04,panchkula,25.39,Overcast clouds,89,1.87,1002,24140.0,6.1,18.6
2025-07-21 22:20:10,karnal,26.44,Overcast clouds,87,1.35,1002,23840.0,1.05,3.8
2025-07-21 22:20:22,panipat,26.52,Overcast clouds,87,2.1,1002,21480.0,1.95,0.3
2025-07-21 22:20:35,goa,24.21,Overcast clouds,98,0.64,1006,41860.0,7.25,0.0
2025-07-21 22:20:45,kerala,24.82,Overcast clouds,97,0.75,1009,19680.0,5.15,0.0
2025-07-21 22:21:15,calgary,13.37,Light rain,91,1.34,1014,18800.0,6.75,0.4
2025-07-21 22:24:22,calgary,13.37,Light rain,91,1.34,1014,18800.0,6.75,0.4
2025-07-21 22:24:32,calgary,13.37,Light rain,91,1.34,1014,18800.0,6.75,0.4
2025-07-22 10:15:37,New York,23.26,Few clouds,54,7.72,1020,36800.0,7.7,0.0
2025-07-22 10:15:59,ahmedabad,30.02,Haze,70,2.57,1000,24140.0,7.3,13.9
2025-07-22 10:43:54,New York,23.92,Broken clouds,54,7.72,1020,33400.0,7.7,0.0
2025-07-22 10:54:08,New York,23.85,Broken clouds,54,7.72,1020,34300.0,7.7,0.0
2025-07-22 10:54:10,New York,23.85,Broken clouds,54,7.72,1020,34300.0,7.7,0.0
2025-07-22 10:57:43,New York,23.98,Broken clouds,54,7.72,1020,34300.0,7.7,0.0
2025-07-22 12:46:20,New York,25.72,Few clouds,52,1.79,1020,48100.0,7.7,0.0
2025-07-22 12:48:49,New York,25.72,Few clouds,52,1.79,1020,48100.0,7.7,0.0
2025-07-22 12:48:49,New York,25.72,Few clouds,52,1.79,1020,48100.0,7.7,0.0
2025-07-22 12:50:03,New York,25.72,Few clouds,52,1.79,1020,48100.0,7.7,0.0
2025-07-22 13:01:26,New York,25.53,Few clouds,54,2.24,1020,44600.0,7.7,0.0
2025-07-22 13:09:33,New York,25.47,Few clouds,53,6.71,1020,44600.0,7.7,0.0
2025-07-22 13:09:52,New York,25.47,Few clouds,53,6.71,1020,44600.0,7.7,0.0
2025-07-22 13:09:58,ahmedabad,31.15,Overcast clouds,65,4.2,1001,21940.0,7.3,13.6
2025-07-22 13:10:12,ahmedabad,31.15,Overcast clouds,65,4.2,1001,21940.0,7.3,13.6
2025-07-22 13:10:17,tokyo,27.82,Overcast clouds,77,0.45,1013,24140.0,8.2,0.0
2025-07-22 13:10:29,kabul,26.68,Clear sky,48,3.06,1000,24140.0,8.5,0.0
2025-07-22 13:10:41,paris,22.84,Broken clouds,60,4.55,1015,74560.0,4.9,0.0
2025-07-22 13:10:58,lebrija,30.52,Clear sky,23,5.48,1013,78560.0,8.1,0.0
2025-07-22 13:11:41,nauheim,20.37,Heavy intensity rain,88,0.89,1012,33120.0,6.5,5.5
2025-07-22 13:43:19,New York,25.86,Clear sky,51,3.09,1019,37300.0,7.7,0.0
2025-07-22 14:03:07,New York,25.69,Clear sky,52,3.6,1019,35700.0,7.7,0.0
2025-07-22 14:08:17,london,21.14,Broken clouds,70,0.89,1011,63020.0,6.2,0.1
2025-07-22 14:08:43,New York,25.6,Few clouds,51,4.12,1020,35700.0,7.7,0.0
2025-07-22 14:08:44,New York,25.6,Few clouds,51,4.12,1020,35700.0,7.7,0.0
2025-07-22 15:38:51,New York,25.65,Scattered clouds,53,4.63,1019,35800.0,7.7,0.0
2025-07-22 15:38:52,New York,25.65,Scattered clouds,53,4.63,1019,35800.0,7.7,0.0
2025-07-22 15:54:57,New York,25.46,Scattered clouds,54,4.92,1019,37500.0,7.45,0.0
2025-07-22 15:57:15,tokyo,27.18,Broken clouds,78,5.14,1014,24140.0,8.2,0.0
2025-07-22 15:57:24,dubai,37.96,Clear sky,37,3.09,995,24140.0,8.95,0.0
2025-07-22 15:57:41,paris,20.2,Clear sky,67,3.6,1015,69380.0,4.95,0.0
2025-07-22 15:57:49,london,19.73,Broken clouds,73,1.03,1011,57500.0,6.15,0.0
2025-07-22 16:08:42,New York,25.17,Broken clouds,55,4.63,1019,37200.0,7.45,0.0
2025-07-22 16:14:59,New York,25.17,Broken clouds,55,4.63,1019,37200.0,7.45,0.0
2025-07-22 16:40:12,New York,25.25,Broken clouds,56,4.63,1019,35800.0,7.45,0.0
2025-07-22 16:40:41,dalton,31.95,Clear sky,66,4.12,1015,41600.0,8.35,0.0
2025-07-22 16:40:57,tokyo,27.46,Broken clouds,78,4.12,1014,24140.0,8.2,0.0
2025-07-22 16:43:34,New York,25.27,Broken clouds,56,4.63,1019,35800.0,7.45,0.0
2025-07-22 16:53:07,New York,25.27,Broken clouds,56,4.63,1019,34900.0,7.45,0.0
2025-07-22 16:54:36,New York,25.27,Broken clouds,56,4.63,1019,34900.0,7.45,0.0
2025-07-22 18:35:32,New York,24.67,Scattered clouds,59,4.63,1020,29800.0,7.45,0.0
2025-07-22 18:38:48,New York,24.61,Scattered clouds,59,4.63,1020,29800.0,7.45,0.0
2025-07-22 19:22:34,New York,23.98,Clear sky,61,5.81,1020,29500.0,7.45,0.0
2025-07-22 19:29:39,New York,23.98,Clear sky,61,5.81,1020,30400.0,7.45,0.0
2025-07-22 19:29:39,New York,23.98,Clear sky,61,5.81,1020,30400.0,7.45,0.0
2025-07-22 19:34:06,New York,23.76,Clear sky,62,5.66,1020,29700.0,7.45,0.0
2025-07-22 20:25:47,New York,23.15,Overcast clouds,65,5.36,1020,37400.0,7.45,0.0
2025-07-22 20:27:49,New York,23.15,Overcast clouds,65,5.36,1020,37400.0,7.45,0.0
2025-07-22 20:37:26,New York,23.05,Overcast clouds,65,5.14,1021,35900.0,7.45,0.0
2025-07-22 20:44:09,New York,23,Overcast clouds,65,5.14,1021,35900.0,7.45,0.0
2025-07-22 21:36:48,New York,22.71,Clear sky,68,4.02,1021,28400.0,7.45,0.0
2025-07-22 21:41:31,New York,22.69,Clear sky,68,4.02,1021,28400.0,7.45,0.0
2025-07-22 21:50:19,New York,22.68,Clear sky,68,4.47,1021,28100.0,7.45,0.0
2025-07-22 21:55:47,New York,22.68,Clear sky,68,4.47,1021,28100.0,7.45,0.0
2025-07-22 21:55:48,New York,22.68,Clear sky,68,4.47,1021,28100.0,7.45,0.0
2025-07-22 22:03:04,New York,22.66,Clear sky,69,4.47,1021,27800.0,7.45,0.0
2025-07-22 22:05:29,New York,22.66,Clear sky,69,4.47,1021,27800.0,7.45,0.0
2025-07-22 22:09:11,New York,22.62,Clear sky,68,5.36,1021,27800.0,7.45,0.0
2025-07-22 22:09:11,New York,22.62,Clear sky,68,5.36,1021,27800.0,7.45,0.0
2025-07-23 13:32:16,New York,27.26,Broken clouds,54,5.36,1023,35700.0,7.65,0.0
2025-07-23 13:46:59,New York,27.56,Broken clouds,53,5.14,1023,35700.0,7.65,0.0
2025-07-23 14:00:53,New York,27.39,Broken clouds,54,5.14,1023,36100.0,7.65,0.0
2025-07-23 14:13:35,New York,27.31,Scattered clouds,54,4.12,1023,36100.0,7.65,0.0
2025-07-23 14:17:33,New York,27.44,Scattered clouds,53,4.12,1023,37300.0,7.65,0.0
2025-07-23 14:23:25,New York,27.53,Scattered clouds,53,4.12,1023,37300.0,7.65,0.0
2025-07-23 14:25:27,ahmedabad,28.02,Haze,69,5.14,999,24140.0,4.4,0.9
2025-07-23 14:25:38,tokyo,27.9,Clear sky,76,5.14,1012,24140.0,8.25,0.0
2025-07-23 14:26:00,hong kong,28.56,Overcast clouds,82,1.34,1003,24140.0,8.85,11.5
2025-07-23 14:26:16,paris,18.35,Light rain,86,4.63,1012,48420.0,6.15,2.7
2025-07-23 14:42:42,New York,27.59,Scattered clouds,53,4.12,1023,38200.0,7.65,0.0
2025-07-23 14:58:13,New York,27.25,Overcast clouds,53,6.17,1023,32700.0,7.65,0.0
2025-07-23 14:59:08,New York,27.25,Overcast clouds,53,6.17,1023,32700.0,7.65,0.0
2025-07-23 15:08:22,New York,27.49,Overcast clouds,53,6.17,1023,34000.0,7.7,0.0
2025-07-23 15:10:56,New York,27.43,Overcast clouds,52,7.2,1023,34000.0,7.7,0.0
2025-07-23 15:13:32,New York,27.43,Overcast clouds,51,7.2,1023,34000.0,7.7,0.0
2025-07-23 15:15:49,New York,27.43,Overcast clouds,51,7.2,1023,35400.0,7.7,0.0
2025-07-23 18:37:04,New York,26.4,Clear sky,53,7.2,1022,44100.0,7.7,0.0
2025-07-23 18:37:51,london,18.09,Overcast clouds,71,3.09,1015,60780.0,5.65,0.2
2025-07-23 19:03:59,New York,25.79,Few clouds,56,7.15,1022,34900.0,7.7,0.0
2025-07-23 19:11:18,New York,25.79,Few clouds,56,7.15,1022,34900.0,7.7,0.0
2025-07-23 19:33:15,New York,25.33,Few clouds,57,8.05,1022,32800.0,7.7,0.0
2025-07-23 19:38:15,New York,25.14,Clear sky,57,7.2,1022,32800.0,7.7,0.0
2025-07-23 19:40:38,New York,25.14,Clear sky,57,7.2,1022,32800.0,7.7,0.0
2025-07-23 19:43:01,New York,25.14,Clear sky,57,7.2,1022,32800.0,7.7,0.0
2025-07-23 19:45:59,New York,25.14,Clear sky,57,7.2,1022,31900.0,7.7,0.0
2025-07-23 19:48:59,New York,24.89,Clear sky,58,7.2,1022,31900.0,7.7,0.0
2025-07-23 19:50:37,New York,24.89,Clear sky,58,7.2,1022,31900.0,7.7,0.0
2025-07-23 19:57:44,New York,24.83,Clear sky,58,7.2,1022,31200.0,7.7,0.0
2025-07-23 20:15:47,New York,24.52,Clear sky,58,6.69,1022,30000.0,7.7,0.0
2025-07-23 20:20:25,New York,24.47,Clear sky,58,6.69,1022,30000.0,7.7,0.0
2025-07-23 20:23:42,New York,24.47,Clear sky,58,6.69,1022,30000.0,7.7,0.0
2025-07-23 20:26:09,New York,24.39,Clear sky,59,6.69,1022,30000.0,7.7,0.0
2025-07-23 20:27:42,New York,24.39,Clear sky,59,6.69,1022,30000.0,7.7,0.0
2025-07-23 21:15:21,New York,24.11,Clear sky,59,6.17,1022,27400.0,7.7,0.0
2025-07-24 16:41:25,New York,29.98,Overcast clouds,56,8.23,1018,39100.0,7.7,0.0
2025-07-24 17:04:56,New York,30.1,Broken clouds,58,3.58,1018,37700.0,7.7,0.0
2025-07-24 17:39:53,New York,29.84,Few clouds,58,6.17,1018,32900.0,7.7,0.0
2025-07-24 17:44:42,New York,29.78,Few clouds,58,6.17,1018,32900.0,7.7,0.0
2025-07-24 18:02:15,New York,29.97,Few clouds,59,6.26,1017,34400.0,7.7,0.0
2025-07-24 18:02:15,New York,29.97,Few clouds,59,6.26,1017,34400.0,7.7,0.0
2025-07-24 20:37:05,New York,27.91,Clear sky,67,5.14,1017,29900.0,7.7,0.0
2025-07-24 20:37:37,mississauga,29.87,Thunderstorm,54,9.77,1012,26300.0,6.9,0.3
2025-07-24 21:02:41,New York,27.86,Clear sky,68,2.68,1017,28500.0,7.7,0.0
2025-07-24 21:05:14,New York,27.86,Clear sky,68,2.68,1017,28500.0,7.7,0.0
2025-07-24 21:19:30,New York,27.77,Clear sky,67,4.12,1016,27700.0,7.7,0.0
2025-07-24 21:19:44,mississauga,28.04,Thunderstorm with light rain,62,6.17,1014,22300.0,6.9,0.3
2025-07-24 21:19:59,Mississauga,28.04,Thunderstorm with light rain,62,6.17,1014,22300.0,6.9,0.3
2025-07-24 21:20:02,Paris,15.9,Clear sky,94,2.06,1017,19480.0,6.85,0.0
2025-07-24 21:20:11,Tokyo,33.31,Few clouds,62,7.2,1012,24140.0,8.25,0.0
2025-07-24 21:20:19,London,16.71,Overcast clouds,85,2.06,1019,46120.0,6.75,0.0
2025-07-24 21:20:26,Hong Kong,30.24,Clear sky,75,3.13,1000,24140.0,9.0,0.2
2025-07-24 21:20:41,Hawai,28.9,Scattered clouds,69,4.02,1017,24140.0,8.45,34.8
2025-07-24 21:20:52,kerala,23.82,Overcast clouds,93,1.35,1007,6700.0,5.15,0.0
2025-07-24 21:26:36,lafayette,24.78,Few clouds,96,0,1016,13500.0,7.55,2.8
2025-07-24 21:34:11,rensselaer,24.85,Scattered clouds,84,3.12,1015,15000.0,7.4,0.0
2025-07-24 21:34:34,mississauga,24.95,Thunderstorm with light rain,83,4.12,1013,14900.0,6.9,2.8
2025-07-24 21:38:21,Mississauga,26.39,Moderate rain,74,0.45,1014,14900.0,6.9,2.8
2025-07-24 21:38:27,Mississauga,26.39,Moderate rain,74,0.45,1014,14900.0,6.9,2.8
2025-07-24 21:38:30,Mississauga,26.39,Moderate rain,74,0.45,1014,14900.0,6.9,2.8
2025-07-24 21:43:11,New York,27.44,Clear sky,68,4.92,1017,29200.0,7.7,0.0
2025-07-24 21:56:01,New York,27.45,Clear sky,68,4.12,1017,27700.0,7.7,0.0
2025-07-24 21:57:34,New York,27.45,Clear sky,68,4.12,1017,27700.0,7.7,0.0
2025-07-24 21:58:10,New York,27.45,Clear sky,68,4.12,1017,27700.0,7.7,0.0
2025-07-24 21:58:22,New York,27.45,Clear sky,68,4.12,1017,27700.0,7.7,0.0
2025-07-24 21:58:38,New York,27.45,Clear sky,68,4.12,1017,27700.0,7.7,0.0
2025-07-24 22:23:03,New York,27.19,Clear sky,67,5.14,1017,27300.0,7.7,0.0
2025-07-24 22:28:06,New York,26.99,Clear sky,68,4.63,1017,27300.0,7.7,0.0
2025-07-24 23:10:34,New York,26.35,Clear sky,68,6.17,1017,27400.0,7.7,0.0
2025-07-24 23:17:31,New York,26.35,Clear sky,68,6.17,1017,27600.0,7.7,0.0
2025-07-24 23:22:46,New York,26.3,Clear sky,69,6.17,1017,27600.0,7.7,0.0
2025-07-25 13:14:00,New York,34.48,Clear sky,54,5.66,1013,37800.0,7.75,0.9
2025-07-25 13:16:12,New York,34.48,Clear sky,54,5.66,1013,39500.0,7.75,0.9
2025-07-25 13:17:11,Spittal,17.44,Overcast clouds,96,2.24,1017,520.0,6.6,0.2
2025-07-25 13:18:33,delhi,32.05,Haze,66,1.03,996,24140.0,7.35,1.0
2025-07-25 13:19:03,hong kong,27.25,Few clouds,82,0.89,1000,21720.0,9.05,1.1
2025-07-25 13:22:00,New York,34.65,Clear sky,54,5.66,1012,39500.0,7.75,0.9
2025-07-25 13:22:30,tokyo,28.54,Few clouds,73,7.2,1011,24140.0,8.2,0.0
2025-07-25 13:22:39,tokyo,28.54,Few clouds,73,7.2,1011,24140.0,8.2,0.0
2025-07-25 13:22:51,tokyo,28.54,Few clouds,73,7.2,1011,24140.0,8.2,0.0
2025-07-25 13:22:53,tokyo,28.54,Few clouds,73,7.2,1011,24140.0,8.2,0.0
2025-07-25 13:27:00,tokyo,28.54,Few clouds,73,7.2,1011,24140.0,8.2,0.0
2025-07-25 13:27:03,tokyo,28.54,Few clouds,73,7.2,1011,24140.0,8.2,0.0
2025-07-25 13:27:06,tokyo,28.54,Few clouds,73,7.2,1011,24140.0,8.2,0.0
2025-07-25 13:28:22,Delhi,32.05,Haze,66,1.03,996,24140.0,7.35,1.0
2025-07-25 13:28:35,Ahmedabad,29.02,Haze,74,4.12,999,20200.0,7.05,0.4
2025-07-25 13:32:29,Ahmedabad,29.02,Haze,74,4.12,999,20200.0,7.05,0.4
2025-07-25 16:16:52,New York,31.59,Thunderstorm,59,19.03,1011,24600.0,7.7,0.1
2025-07-25 16:17:00,New York,31.59,तूफान,59,19.03,1011,24600.0,7.7,0.1
2025-07-25 16:25:55,New York,31.59,तूफान,59,19.03,1011,24600.0,7.7,0.1
2025-07-25 16:26:34,New York,31.59,Tormenta,59,19.03,1011,24600.0,7.7,0.1
2025-07-25 16:26:46,New York,31.59,Thunderstorm,59,19.03,1011,24600.0,7.7,0.1
2025-07-25 16:33:55,Tokyo,28.47,Few clouds,73,5.14,1011,24140.0,8.2,0.0
2025-07-25 16:36:33,New York,29.97,Broken clouds,68,8.23,1011,46600.0,7.7,0.3
2025-07-25 16:36:40,New York,29.97,Broken clouds,68,8.23,1011,46600.0,7.7,0.3
2025-07-25 16:36:46,New York,28.54,Muy nuboso,72,5.66,1011,46600.0,7.7,0.3
2025-07-25 16:58:25,New York,29.33,Muy nuboso,69,5.14,1011,43900.0,7.7,0.3
2025-07-25 17:12:36,New York,30.49,Clear sky,62,4.12,1011,44700.0,7.7,0.3
2025-07-25 17:12:45,New York,30.49,साफ आकाश,62,4.12,1011,44700.0,7.7,0.3
2025-07-25 17:24:23,New York,30.26,साफ आकाश,63,4.12,1011,46400.0,7.7,0.3
2025-07-25 17:25:15,New York,30.26,साफ आकाश,63,4.12,1011,46400.0,7.7,0.3
2025-07-25 17:26:13,New York,30.26,साफ आकाश,63,4.12,1011,46400.0,7.7,0.3
2025-07-25 17:27:23,New York,30.09,साफ आकाश,64,4.12,1011,46400.0,7.7,0.3
2025-07-25 17:30:58,New York,30.09,साफ आकाश,64,4.12,1011,45600.0,7.7,0.3
2025-07-25 17:36:12,New York,29.88,साफ आकाश,66,4.12,1012,45600.0,7.7,0.3
2025-07-25 17:38:27,New York,29.64,साफ आकाश,66,4.12,1012,22100.0,7.7,1.6
2025-07-25 17:40:32,New York,29.64,साफ आकाश,66,4.12,1012,22100.0,7.7,1.6
2025-07-25 17:43:58,New York,29.64,साफ आकाश,66,4.12,1012,22100.0,7.7,1.6
2025-07-25 17:44:44,New York,29.71,Clear sky,66,4.92,1012,22100.0,7.7,1.6
2025-07-25 17:48:34,New York,29.71,Clear sky,66,4.92,1012,21700.0,7.7,1.6
2025-07-25 17:48:48,New York,29.84,साफ आकाश,66,4.12,1012,21700.0,7.7,1.6
2025-07-25 17:50:31,New York,29.84,साफ आकाश,66,4.12,1012,21700.0,7.7,1.6
2025-07-25 17:50:45,New York,29.71,Clear sky,66,4.92,1012,21700.0,7.7,1.6
2025-07-25 17:50:59,New York,29.84,साफ आकाश,66,4.12,1012,21700.0,7.7,1.6
2025-07-25 17:52:39,New York,29.84,साफ आकाश,66,4.12,1012,21700.0,7.7,1.6
2025-07-25 17:53:57,New York,29.84,साफ आकाश,66,4.12,1012,21700.0,7.7,1.6
2025-07-25 17:56:38,New York,29.84,साफ आकाश,66,4.12,1012,21700.0,7.7,1.6
2025-07-25 17:56:59,New York,29.84,साफ आकाश,66,4.12,1012,21700.0,7.7,1.6
2025-07-25 18:00:26,New York,29.81,छितरे हुए बादल,67,1.34,1012,17700.0,7.7,1.6
2025-07-25 18:19:48,New York,29.78,छितरे हुए बादल,66,4.63,1012,22600.0,7.7,1.6
2025-07-25 18:19:54,New York,29.85,Scattered clouds,65,4.63,1012,22600.0,7.7,1.6
2025-07-25 20:10:34,New York,28.17,Clear sky,75,4.63,1013,17000.0,7.7,1.4
2025-07-25 20:14:49,New York,28.17,Clear sky,75,4.63,1013,17000.0,7.7,1.4
2025-07-25 20:16:10,New York,28.17,Clear sky,75,4.63,1013,17000.0,7.7,1.4
2025-07-25 20:18:14,New York,28.16,Clear sky,75,4.63,1013,17000.0,7.7,1.4
2025-07-25 20:33:06,New York,28.1,Clear sky,75,4.63,1013,16900.0,7.7,1.4
2025-07-25 20:33:13,New jersey,23.99,Clear sky,87,2.06,1014,24140.0,8.85,7.5
2025-07-25 20:33:29,ohio,23.28,Light rain,96,2.57,1017,25900.0,7.25,0.5
2025-07-25 20:36:22,New York,28.1,Clear sky,75,4.63,1013,16900.0,7.7,1.4
2025-07-25 20:59:51,New York,28.15,Clear sky,75,4.63,1014,14500.0,7.7,1.5
2025-07-25 21:03:55,New York,28.13,Clear sky,75,5.14,1013,14500.0,7.7,1.5
2025-07-25 21:16:23,New York,28.17,Clear sky,75,5.14,1013,14600.0,7.7,1.5
2025-07-25 21:21:07,New York,28.17,Clear sky,75,5.14,1013,14600.0,7.7,1.5
2025-07-25 21:25:17,New York,28.16,Clear sky,75,5.14,1013,14600.0,7.7,1.5
2025-07-25 21:36:26,New York,28.05,Clear sky,75,5.14,1014,14800.0,7.7,1.5
2025-07-25 22:01:26,New York,28.07,Clear sky,75,5.14,1014,14800.0,7.7,1.5
2025-07-25 22:09:03,New York,27.98,Clear sky,77,2.68,1014,15900.0,7.7,1.5
2025-07-25 22:11:00,New York,27.95,Clear sky,76,3.13,1013,15900.0,7.7,1.5
2025-07-25 22:11:42,New York,27.95,Clear sky,76,3.13,1013,15900.0,7.7,1.5
2025-07-25 22:11:55,New York,27.95,Clear sky,76,3.13,1013,15900.0,7.7,1.5
2025-07-25 22:29:41,New York,27.73,Clear sky,77,3.6,1014,15700.0,7.7,1.5
2025-07-25 22:30:48,New York,27.73,Clear sky,77,3.6,1014,15700.0,7.7,1.5
2025-07-25 22:31:50,New York,27.73,Clear sky,77,3.6,1014,15700.0,7.7,1.5
2025-07-25 22:35:30,New York,27.73,Clear sky,77,3.6,1014,15700.0,7.7,1.5
2025-07-25 22:37:19,New York,27.75,Clear sky,77,3.6,1014,15700.0,7.7,1.5
2025-07-25 22:37:50,New York,27.75,Clear sky,77,3.6,1014,15700.0,7.7,1.5
2025-07-25 22:37:59,New York,27.75,Cielo claro,77,3.6,1014,15700.0,7.7,1.5
2025-07-25 22:38:05,New York,27.75,साफ आकाश,77,3.6,1014,15700.0,7.7,1.5
2025-07-26 10:55:53,New York,27.69,टूटे हुए बादल,55,7.15,1019,38300.0,7.35,0.0
2025-07-26 10:56:52,New York,27.69,टूटे हुए बादल,55,7.15,1019,38300.0,7.35,0.0
2025-07-26 10:58:21,New York,27.66,टूटे हुए बादल,55,7.15,1019,38300.0,7.35,0.0
2025-07-26 12:38:25,New York,28.51,कुहरा,51,5.66,1019,44700.0,7.35,0.0
2025-07-26 13:07:44,New York,28.51,कुहरा,49,6.17,1019,42600.0,7.35,0.0
2025-07-26 13:27:11,New York,28.28,कुहरा,49,6.17,1019,36600.0,7.35,0.0
2025-07-26 13:32:07,New York,28.38,कुहरा,50,6.17,1019,35700.0,7.35,0.0
2025-07-26 13:32:36,New York,28.38,कुहरा,50,6.17,1019,35700.0,7.35,0.0
2025-07-26 13:34:30,New York,28.38,कुहरा,50,6.17,1019,35700.0,7.35,0.0
2025-07-26 13:42:17,New York,28.38,कुहरा,50,6.17,1019,35700.0,7.35,0.0
2025-07-26 13:43:56,New York,28.41,कुहरा,49,6.17,1019,35700.0,7.35,0.0
2025-07-26 13:47:39,New York,28.41,कुहरा,49,6.17,1019,37800.0,7.35,0.0
2025-07-26 13:48:10,New York,28.54,Haze,49,6.17,1019,37800.0,7.35,0.0
2025-07-26 13:50:05,New York,28.41,कुहरा,49,6.17,1019,36400.0,7.35,0.0
2025-07-26 15:34:56,New York,27.57,कुहरा,50,4.92,1019,35800.0,7.55,0.0
2025-07-26 15:35:03,New York,27.8,Haze,48,5.14,1019,35800.0,7.55,0.0
2025-07-26 15:35:07,New York,27.53,Niebla,50,4.92,1019,35800.0,7.55,0.0
2025-07-26 15:36:05,New York,27.57,कुहरा,50,4.92,1019,35800.0,7.55,0.0
2025-07-26 15:38:46,New York,27.57,कुहरा,50,4.92,1019,35800.0,7.55,0.0
2025-07-26 15:51:13,New York,27.52,कुहरा,50,4.92,1019,34800.0,7.55,0.0
2025-07-26 15:59:05,New York,27.38,धुआं,50,4.02,1019,34800.0,7.55,0.0
2025-07-26 16:02:02,New York,27.38,धुआं,50,4.02,1019,35000.0,7.55,0.0
2025-07-26 16:02:54,New York,27.52,Haze,50,4.63,1019,35000.0,7.55,0.0
2025-07-26 16:03:08,New York,27.38,धुआं,50,4.02,1019,35000.0,7.55,0.0
2025-07-26 16:05:22,New York,27.38,धुआं,50,4.02,1019,35000.0,7.55,0.0
2025-07-26 16:21:12,New York,27.45,कुहरा,49,5.66,1019,34900.0,7.55,0.0
2025-07-26 16:36:27,New York,27.39,कुहरा,49,5.66,1019,34200.0,7.55,0.0
2025-07-26 16:36:34,New York,27.47,Haze,49,5.66,1019,34200.0,7.55,0.0
2025-07-26 17:08:39,New York,26.78,Haze,51,5.14,1018,39000.0,7.55,0.0
2025-07-26 17:19:37,New York,26.66,Haze,51,5.14,1018,39700.0,7.55,0.0
2025-07-26 17:21:32,New York,26.86,कुहरा,51,5.14,1018,39700.0,7.55,0.0
2025-07-26 17:25:46,New York,26.82,कुहरा,51,5.14,1018,39700.0,7.55,0.0
2025-07-26 17:29:26,New York,26.82,कुहरा,51,5.14,1018,39700.0,7.55,0.0
2025-07-26 17:38:10,New York,26.67,कुहरा,51,5.14,1018,40300.0,7.55,0.0
2025-07-26 17:38:30,New York,26.8,Niebla,51,5.14,1018,40300.0,7.55,0.0
2025-07-26 17:40:48,New York,26.66,Haze,51,5.14,1018,40300.0,7.55,0.0
2025-07-26 17:50:24,New York,26.66,Haze,51,5.14,1018,43200.0,7.55,0.0
2025-07-26 17:52:10,New York,26.71,कुहरा,51,5.14,1018,43200.0,7.55,0.0
2025-07-26 17:52:24,New York,26.62,Niebla,51,5.14,1018,43200.0,7.55,0.0
2025-07-26 17:52:37,New York,26.66,Haze,51,5.14,1018,43200.0,7.55,0.0
2025-07-26 17:55:15,New York,26.66,Haze,51,5.14,1018,43200.0,7.55,0.0
2025-07-26 17:56:01,New York,26.66,Haze,51,5.14,1018,43200.0,7.55,0.0
2025-07-26 17:56:19,New York,26.62,Niebla,51,5.14,1018,43200.0,7.55,0.0
2025-07-26 18:04:24,New York,26.42,Niebla,52,5.66,1018,43400.0,7.55,0.0
2025-07-26 19:10:36,New York,25.23,Niebla,55,4.12,1018,39500.0,7.55,0.0
2025-07-26 19:10:49,mississauga,23.3,Chubasco,92,2.06,1015,13000.0,6.7,8.6
2025-07-26 19:10:59,mississauga,23.31,Overcast clouds,92,2.06,1015,13000.0,6.7,8.6
2025-07-26 19:11:08,barrie,25.72,Overcast clouds,75,2.26,1015,14800.0,6.3,0.0
2025-07-26 19:11:15,london,17.67,Broken clouds,79,1.54,1017,46960.0,5.4,0.0
2025-07-26 19:11:34,tokyo,31.09,Scattered clouds,64,5.14,1009,24140.0,8.1,0.0
2025-07-26 19:11:43,paris,18.92,Broken clouds,81,2.06,1018,50420.0,6.55,1.3
2025-07-26 19:11:50,delhi,29.05,Mist,89,0,997,24140.0,7.65,8.4
2025-07-26 19:12:09,shimla,16.84,Clear sky,93,1.1,1001,18820.0,6.35,6.5
2025-07-26 19:12:18,kedarnath,22.35,Overcast clouds,96,1.43,1002,15540.0,6.15,10.1
2025-07-26 19:12:29,abu,25.62,Overcast clouds,92,3.02,997,24140.0,6.9,0.0
2025-07-26 19:43:53,New York,24.88,Haze,56,4.12,1018,32000.0,7.55,0.0
2025-07-26 20:54:45,New York,24.33,Haze,60,4.92,1018,27200.0,7.55,0.0
2025-07-26 20:59:01,New York,24.33,Haze,60,4.92,1018,27200.0,7.55,0.0
2025-07-26 20:59:50,New York,24.27,Overcast clouds,62,4.92,1018,27200.0,7.55,0.0
2025-07-26 23:17:10,New York,24.06,Haze,65,4.63,1019,23500.0,7.55,0.0
2025-07-26 23:26:56,New York,24.07,Haze,65,4.63,1019,23500.0,7.55,0.0
2025-07-27 16:21:22,New York,28.98,Haze,73,4.12,1013,28100.0,5.65,0.4
2025-07-27 16:21:34,New York,28.98,Haze,73,4.12,1013,28100.0,5.65,0.4
2025-07-27 16:21:44,New York,28.85,Haze,74,4.12,1013,28100.0,5.65,0.4
2025-07-27 16:25:18,New York,29.01,Haze,73,4.12,1013,28100.0,5.65,0.4
2025-07-27 16:31:14,New York,29.09,Haze,73,4.12,1013,27700.0,5.65,0.4
2025-07-27 16:47:00,New York,29.12,Haze,72,4.63,1013,27700.0,5.65,0.4
2025-07-27 17:04:27,New York,29.35,Haze,71,4.63,1013,28400.0,5.65,0.4
2025-07-27 20:23:13,New York,27.71,Few clouds,80,4.12,1013,22400.0,5.65,0.4
2025-07-27 20:27:49,New York,27.75,Few clouds,80,4.12,1013,22400.0,5.65,0.4
2025-07-27 20:39:06,New York,27.56,Few clouds,81,4.12,1013,22400.0,5.65,0.4
2025-07-27 21:11:28,New York,27.46,Few clouds,82,2.24,1013,18000.0,5.65,0.4
2025-07-28 19:56:35,New York,32.66,Clear sky,48,3.09,1014,31700.0,7.75,0.0
2025-07-28 21:04:36,New York,29.65,Clear sky,65,4.12,1014,26500.0,7.75,0.0
2025-07-28 21:05:02,kitchener,26.73,Broken clouds,78,5.66,1017,16800.0,7.3,0.4
2025-07-28 21:06:13,kitchener,26.73,टूटे हुए बादल,78,5.66,1017,16800.0,7.3,0.4
2025-07-28 21:07:22,kitchener,26.73,Broken clouds,78,5.66,1017,16800.0,7.3,0.4
2025-07-28 21:07:38,lochgilphead,12.49,Light rain,91,0.85,1018,12160.0,4.5,0.4
2025-07-29 13:39:08,New York,36.06,Clear sky,43,3.6,1015,53000.0,7.7,0.0
2025-07-29 13:42:16,New York,36.11,Clear sky,43,3.6,1015,53000.0,7.7,0.0
2025-07-29 13:52:37,New York,36.14,Clear sky,43,3.6,1015,54100.0,7.7,0.0
2025-07-29 13:55:26,New York,36.14,Clear sky,43,3.6,1015,54100.0,7.7,0.0
2025-07-29 13:59:02,New York,36.17,Clear sky,43,3.6,1015,54100.0,7.7,0.0
2025-07-29 14:00:01,New York,36.17,Clear sky,43,3.6,1015,55600.0,7.7,0.0
2025-07-29 14:02:13,New York,36.5,Scattered clouds,43,4.63,1015,55600.0,7.7,0.0
2025-07-29 14:06:17,New York,36.45,Clear sky,42,3.6,1015,55600.0,7.7,0.0
2025-07-29 14:08:10,New York,36.52,Clear sky,42,5.14,1015,55600.0,7.7,0.0
2025-07-29 14:12:46,New York,36.52,Clear sky,42,5.14,1015,55600.0,7.7,0.0
2025-07-29 14:29:11,New York,36.57,Clear sky,41,5.14,1015,48600.0,7.7,0.0
2025-07-29 14:47:00,New York,36.69,Clear sky,41,5.14,1014,49600.0,7.7,0.0
2025-07-29 15:08:08,New York,36.62,Clear sky,41,5.14,1014,50300.0,7.7,0.0
2025-07-29 18:38:05,New York,34.96,Clear sky,48,6.69,1013,39400.0,7.7,0.0
2025-07-29 20:05:59,New York,33.18,Clear sky,54,5.14,1014,47800.0,7.7,0.0
2025-07-29 20:11:13,New York,33.18,Clear sky,54,5.14,1014,47800.0,7.7,0.0
2025-07-29 20:15:18,New York,32.96,Clear sky,56,5.14,1014,46900.0,7.7,0.0
2025-07-29 21:59:13,New York,31.4,Clear sky,61,3.6,1015,37600.0,7.7,0.0
2025-07-29 21:59:30,New York,31.42,Clear sky,61,3.6,1015,37600.0,7.7,0.0
2025-07-29 21:59:53,New York,31.42,Clear sky,61,3.6,1015,37600.0,7.7,0.0
2025-07-29 22:00:30,New York,31.42,Clear sky,61,3.6,1015,36700.0,7.7,0.0
2025-07-29 22:16:38,New York,31.21,Clear sky,61,3.13,1014,35400.0,7.7,0.0
2025-07-29 22:17:14,New York,31.21,Clear sky,61,3.13,1014,35400.0,7.7,0.0
2025-07-29 22:19:33,New York,31.14,Clear sky,62,3.13,1014,35400.0,7.7,0.0
2025-07-29 22:20:12,New York,31.14,Clear sky,62,3.13,1014,35400.0,7.7,0.0
2025-07-29 22:21:21,New York,31.14,Clear sky,62,3.13,1014,35400.0,7.7,0.0
2025-07-29 22:21:42,New York,31.14,Clear sky,62,3.13,1014,35400.0,7.7,0.0
2025-07-29 22:22:03,New York,31.14,Clear sky,62,3.13,1014,35400.0,7.7,0.0
2025-07-29 22:24:49,New York,30.92,Clear sky,63,3.13,1014,35400.0,7.7,0.0
2025-07-29 22:25:55,New York,30.92,Clear sky,63,3.13,1014,35400.0,7.7,0.0
2025-07-30 14:56:15,New York,35.62,Clear sky,40,5.14,1014,45200.0,7.7,0.0
2025-07-30 14:56:52,New York,35.62,Clear sky,40,5.14,1014,45200.0,7.7,0.0
2025-07-30 14:56:58,New York,35.62,साफ आकाश,40,5.14,1014,45200.0,7.7,0.0
2025-07-30 14:57:10,New York,35.62,Clear sky,40,5.14,1014,45200.0,7.7,0.0
2025-07-30 15:03:13,New York,35.61,Clear sky,40,5.14,1014,45200.0,7.7,0.0
2025-07-30 15:04:42,New York,35.61,Clear sky,40,5.14,1014,45200.0,7.7,0.0
2025-07-30 15:06:30,New York,35.54,Clear sky,42,3.58,1014,45200.0,7.7,0.0
2025-07-30 15:09:09,New York,35.54,Clear sky,42,3.58,1014,45200.0,7.7,0.0
2025-07-30 15:10:39,New York,35.54,Clear sky,42,3.58,1014,45200.0,7.7,0.0
2025-07-30 15:11:24,New York,35.86,साफ आकाश,40,7.2,1014,45200.0,7.7,0.0
2025-07-30 15:12:24,New York,35.61,Clear sky,42,2.68,1014,45200.0,7.7,0.0
2025-07-30 15:14:01,New York,35.61,Clear sky,42,2.68,1014,45200.0,7.7,0.0
2025-07-30 15:14:58,New York,35.86,साफ आकाश,40,7.2,1014,45200.0,7.7,0.0
2025-07-30 15:15:19,New York,35.68,Clear sky,41,7.2,1014,44700.0,7.7,0.0
2025-07-30 16:16:32,New York,35.11,Clear sky,45,5.14,1013,47600.0,7.7,6.5
2025-07-30 16:19:12,New York,35.11,Clear sky,45,5.14,1013,47600.0,7.7,6.5
2025-07-30 16:20:08,london,21.63,Overcast clouds,63,1.54,1017,74460.0,6.15,0.0
2025-07-30 18:41:01,New York,32.46,Broken clouds,59,6.69,1013,28600.0,7.7,0.0
2025-07-30 18:42:36,New York,32.46,Broken clouds,59,6.69,1013,28600.0,7.7,0.0
2025-07-30 18:47:13,New York,32.08,Broken clouds,62,6.69,1013,29000.0,7.7,0.0
2025-07-30 18:47:37,varanasi,26.75,Few clouds,84,1.86,999,24140.0,7.8,15.6
2025-07-30 18:48:16,hampton,31.52,Clear sky,58,5.14,1014,29500.0,8.0,0.0
2025-07-30 18:48:32,orillia,24.07,Broken clouds,54,5.14,1018,47100.0,6.9,0.0
2025-07-30 18:48:51,kashi,21.56,Few clouds,73,2,1001,24140.0,7.45,0.9
2025-07-30 18:49:10,newmarket,25.86,Overcast clouds,48,6.34,1017,40100.0,6.75,0.0
2025-07-30 18:49:24,london,20.37,Overcast clouds,68,0.89,1018,68700.0,6.15,0.0
2025-07-30 18:49:52,New York,32.08,Broken clouds,62,6.69,1013,29000.0,7.7,0.0
2025-07-30 18:49:59,New York,32.08,Broken clouds,62,6.69,1013,29000.0,7.7,0.0
2025-07-30 18:53:36,New York,32.08,Broken clouds,62,6.69,1013,29000.0,7.7,0.0
2025-07-30 18:53:38,New York,32.08,Broken clouds,62,6.69,1013,29000.0,7.7,0.0
2025-07-30 18:53:38,New York,32.08,Broken clouds,62,6.69,1013,29000.0,7.7,0.0
2025-07-30 18:53:39,New York,32.08,Broken clouds,62,6.69,1013,29000.0,7.7,0.0
2025-07-30 18:53:39,New York,32.08,Broken clouds,62,6.69,1013,29000.0,7.7,0.0
2025-07-30 18:53:40,New York,32.08,Broken clouds,62,6.69,1013,29000.0,7.7,0.0
2025-07-30 18:53:40,New York,32.08,Broken clouds,62,6.69,1013,29000.0,7.7,0.0
2025-07-30 18:53:40,New York,32.08,Broken clouds,62,6.69,1013,29000.0,7.7,0.0
2025-07-30 18:53:41,New York,32.08,Broken clouds,62,6.69,1013,29000.0,7.7,0.0
2025-07-30 18:53:41,New York,32.08,Broken clouds,62,6.69,1013,29000.0,7.7,0.0
2025-07-30 18:53:41,New York,32.08,Broken clouds,62,6.69,1013,29000.0,7.7,0.0
2025-07-30 18:53:41,New York,32.08,Broken clouds,62,6.69,1013,29000.0,7.7,0.0
2025-07-30 18:53:42,New York,32.08,Broken clouds,62,6.69,1013,29000.0,7.7,0.0
2025-07-30 18:54:19,New York,32.08,Broken clouds,62,6.69,1013,29000.0,7.7,0.0
2025-07-30 19:01:00,New York,31.18,Broken clouds,64,9.83,1013,30600.0,7.7,0.0
2025-07-30 19:10:21,New York,30.38,Overcast clouds,66,8.05,1013,30600.0,7.7,0.0
2025-07-30 19:46:04,New York,28.82,Broken clouds,69,6.17,1014,34400.0,7.7,0.0
2025-07-30 19:47:19,New York,28.82,Broken clouds,69,6.17,1014,34400.0,7.7,0.0
2025-07-30 19:47:56,New York,28.78,Broken clouds,70,6.17,1014,34400.0,7.7,0.0
2025-07-30 20:00:10,New York,28.95,Thunderstorm,67,5.66,1014,32900.0,7.7,0.0
2025-07-30 20:08:29,New York,28.74,Few clouds,69,5.66,1013,32900.0,7.7,0.0
2025-07-30 20:08:42,New York,28.74,Few clouds,69,5.66,1013,32900.0,7.7,0.0
2025-07-30 20:14:59,New York,28.57,Few clouds,70,5.66,1013,32900.0,7.7,0.0
2025-07-30 20:15:30,New York,28.57,Few clouds,70,5.66,1013,32200.0,7.7,0.0
2025-07-30 20:18:17,New York,28.57,Few clouds,70,5.66,1013,32200.0,7.7,0.0
2025-07-30 20:30:21,New York,28.08,Few clouds,73,5.66,1013,24900.0,7.7,0.0
2025-07-30 20:31:28,New York,28.08,Few clouds,73,5.66,1013,24900.0,7.7,0.0
2025-07-30 20:31:32,New York,28.08,Few clouds,73,5.66,1013,24900.0,7.7,0.0
2025-07-30 20:33:21,New York,28.08,Few clouds,73,5.66,1013,24900.0,7.7,0.0
2025-07-30 20:37:25,New York,28.15,Few clouds,73,5.66,1014,24900.0,7.7,0.0
2025-07-30 20:37:29,New York,28.15,Few clouds,73,5.66,1014,24900.0,7.7,0.0
2025-07-30 20:37:30,New York,28.11,Few clouds,73,5.66,1014,24900.0,7.7,0.0
2025-07-30 20:45:08,New York,28.11,Few clouds,73,5.66,1014,23800.0,7.7,0.0
2025-07-30 20:45:59,New,22.5,Light rain,98,1.12,1017,24140.0,5.1,32.6
2025-07-30 20:46:08,york,27.87,Broken clouds,81,2.06,1014,12840.0,5.7,0.2
2025-07-30 20:46:29,New York,28.11,Few clouds,73,5.66,1014,23800.0,7.7,0.0
2025-07-30 20:48:13,New York,28.12,Few clouds,72,5.66,1014,23800.0,7.7,0.0
2025-07-30 20:53:30,New York,28.23,Few clouds,73,5.66,1014,23800.0,7.7,0.0
2025-07-30 20:53:59,New York,28.23,Few clouds,73,5.66,1014,23800.0,7.7,0.0
2025-07-30 22:23:19,New York,28.43,Clear sky,72,2.06,1014,16400.0,7.7,0.0
2025-07-30 22:26:08,New York,28.43,Clear sky,72,2.06,1014,16400.0,7.7,0.0
2025-07-30 22:37:52,New York,28.46,Clear sky,73,2.06,1014,17800.0,7.7,0.0
2025-08-01 20:18:57,New York,22.24,Clear sky,66,3.6,1022,20700.0,4.4,1.6
2025-08-01 20:22:24,New York,21.96,Clear sky,66,3.6,1022,20700.0,4.4,1.6
